visit_id,patient_id,hospital,admission_date,discharge_date,department
d5ccc649-eb3b-43f7-9968-9ee148dce334,39.0,Gen. Hosp.,2025-06-29 16:41:55,2025-06-30 16:41:55,Neuro
fd51b24f-7a0e-4261-98c9-83c376cf0c98,56.0,Mayo Clinic,2026-09-05 13:49:21,2026-09-11 13:49:21,Ortho
4304a8e8-0416-4dda-ad39-2ba77ba5587e,87.0,St. Mary's Hospital,2026-07-09 20:38:25,2026-07-22 20:38:25,Cardio
d2d6954a-5688-4519-a530-239396db9eba,37.0,Mayo Clinic,2025-11-14 21:04:43,2025-11-24 21:04:43,Neuro
57c5a0e4-03ad-46eb-86b7-8475cfd775bb,97.0,St. Mary's Hospital,2024-12-03 10:58:01,2024-12-07 10:58:01,Cardio
a9c93f53-484e-44cd-80ad-c88b99d19938,6.0,St. Mary's Hospital,2026-03-26 02:24:02,2026-04-05 02:24:02,ER
632e5d67-4332-453d-83c8-f379222c8831,81.0,Mayo Clinic,2025-02-18 14:56:57,2025-03-02 14:56:57,Ortho
fd24bf1c-b798-4e16-8ac8-cab3989a697f,32.0,St. Mary's Hospital,2025-11-10 12:59:45,2025-11-11 12:59:45,ER
5d8632a6-fcfd-4ef3-9dff-05f78ddae8d0,29.0,St. Mary's Hospital,2026-03-26 09:58:58,2026-04-07 09:58:58,
f3571b3a-9d30-40e9-96f5-66e8101fa3bd,72.0,St. Mary's Hospital,2026-03-27 12:51:11,2026-03-29 12:51:11,Ortho
ecaa83f1-ee03-4b45-828d-d31730f1f6a9,60.0,MAYO CLINIC,2025-10-18 04:41:33,2025-10-27 04:41:33,
9290cb18-acc7-490e-8344-69bf4700a708,97.0,Gen. Hosp.,2024-09-15 03:52:48,2024-09-27 03:52:48,
8aadd539-71e0-472f-91bc-9fbb080431fa,71.0,Gen. Hosp.,2025-01-25 21:14:47,2025-02-06 21:14:47,Ortho
03bcd1b9-2d26-454e-8f7b-a219690d6197,97.0,St. Mary's Hospital,2024-09-29 18:47:37,2024-10-04 18:47:37,
6c866a37-992d-4481-b920-6b90e804a9b7,31.0,General Hospital,2026-08-17 13:43:11,2026-08-29 13:43:11,Neuro
5791b31b-98ac-48b6-9ff6-a4e00679a242,43.0,General Hospital,2024-10-23 16:44:17,2024-10-25 16:44:17,Cardio
07b5f613-fe1e-4023-8982-46533dfde317,50.0,MAYO CLINIC,2025-07-04 20:56:09,2025-07-08 20:56:09,ER
7b93eca6-2252-48a9-adc7-cdf7e6b17a00,43.0,Mayo Clinic,2026-02-12 14:47:30,2026-02-13 14:47:30,Cardio
03ff61fd-f2dd-4d70-9073-52911466cb74,50.0,Mayo Clinic,2026-06-06 15:04:34,2026-06-07 15:04:34,
6caeb87c-557b-4432-b4e3-33e4c542282c,1.0,General Hospital,2026-07-21 15:01:51,2026-07-28 15:01:51,Ortho
faa81aa0-268b-46ff-b380-8f590c1c53fa,95.0,Mayo Clinic,2025-05-29 03:42:58,2025-06-13 03:42:58,Cardio
a6125f38-f338-48e2-92dc-d3be9e3a2997,35.0,Gen. Hosp.,2024-12-05 16:40:18,2024-12-12 16:40:18,Neuro
cd8fc247-4ddd-4db5-ab2d-276f411e7860,52.0,MAYO CLINIC,2025-01-28 20:10:27,2025-02-05 20:10:27,Cardio
fc62dec7-ae9d-436b-8ea4-c1465908226b,69.0,St. Marys Hospital,2024-12-07 05:22:53,2024-12-17 05:22:53,
54fc67e1-fa40-4b29-a985-329bc4e4808e,11.0,MAYO CLINIC,2025-04-09 10:13:23,2025-04-23 10:13:23,Ortho
887e268d-e8eb-4b01-93e4-6b14d99e1c65,34.0,Gen. Hosp.,2026-07-19 15:31:55,2026-07-27 15:31:55,Neuro
b648b784-da7d-4652-b901-87f29413c3aa,49.0,General Hospital,2025-10-05 00:58:57,2025-10-19 00:58:57,Ortho
80a7e807-f695-4039-a9ad-8fbdc2df30df,11.0,Gen. Hosp.,2026-05-12 05:42:51,2026-05-03 05:42:51,ER
2b05c92c-e0d3-4810-a6ae-d195f3c65c79,45.0,St. Mary's Hospital,2026-06-07 16:32:34,2026-06-20 16:32:34,ER
c732d054-44bb-4341-9392-c23cedd1c7f6,32.0,St. Mary's Hospital,2024-12-09 06:28:17,2024-12-19 06:28:17,Cardio
e9afd9cf-4687-4bd8-8cf4-151a26ebea0d,61.0,MAYO CLINIC,2025-11-23 05:27:39,2025-11-27 05:27:39,Ortho
cfd020dd-5d94-4a0a-a9a6-d402cace42a3,99.0,General Hospital,2025-07-11 07:35:50,2025-07-21 07:35:50,ER
61f0eb2f-a93a-4a15-a42c-61b37301b891,21.0,General Hospital,2024-12-16 02:12:16,2024-12-17 02:12:16,Neuro
3fa499a5-e441-4faa-8889-8eb371132cf8,49.0,Gen. Hosp.,2026-03-06 17:49:17,2026-03-10 17:49:17,ER
74e4468e-6eee-4ff8-acbb-a5140ffa9ce5,81.0,St. Mary's Hospital,2026-05-28 18:34:04,2026-06-10 18:34:04,Neuro
9a6dbd80-6beb-46fb-a944-7841232bb3b3,77.0,St. Marys Hospital,2025-11-06 09:01:40,2025-11-16 09:01:40,ER
f263d961-00d6-427f-a6f8-1b9e1a7c6a45,55.0,MAYO CLINIC,2024-09-18 22:13:02,2024-09-27 22:13:02,Neuro
f5adf726-bfee-430e-bea9-83aa8154623d,,Gen. Hosp.,2025-05-05 08:08:03,2025-05-07 08:08:03,Ortho
104bc7b2-fb2b-41ae-a775-ddabefcc5c5b,82.0,Gen. Hosp.,2026-09-07 00:08:02,2026-09-14 00:08:02,Cardio
9c43d03f-6c37-407a-b43a-0806a8e238f8,84.0,General Hospital,2024-12-26 22:15:39,2025-01-10 22:15:39,
329752eb-a336-46d6-8ff2-d49b84372099,60.0,Gen. Hosp.,2026-08-02 14:42:47,2026-08-12 14:42:47,Neuro
a8aa5c0a-a006-4216-9da5-3881bdd9053a,32.0,St. Marys Hospital,2025-12-28 04:09:01,2026-01-05 04:09:01,Cardio
e854fc2e-a593-49a9-a188-650ddecd6df6,73.0,Mayo Clinic,2026-01-30 18:31:01,2026-02-05 18:31:01,ER
d58d8d67-f6ec-4182-b018-c9754f5b6416,42.0,St. Mary's Hospital,2024-10-22 20:39:29,2024-10-28 20:39:29,Neuro
863b0b2b-8028-4843-803f-0115b53b5e88,77.0,MAYO CLINIC,2024-12-20 23:27:25,2024-12-29 23:27:25,ER
011b11c7-d965-4aee-900a-d6f29d4dcea0,25.0,St. Marys Hospital,2025-02-11 10:34:17,2025-02-18 10:34:17,Ortho
2397067a-b782-4db2-b046-579da0a09839,31.0,MAYO CLINIC,2025-07-09 05:41:15,2025-07-21 05:41:15,Ortho
11fa6c20-2774-4039-9fbc-97eb31069911,3.0,St. Marys Hospital,2026-05-12 11:12:07,2026-05-19 11:12:07,Cardio
9d95b780-7d63-453a-8da6-d01838d88d28,75.0,General Hospital,2025-01-12 16:42:29,2025-01-21 16:42:29,Neuro
42a2a6de-966f-4731-b784-930a5e0fb4cf,96.0,Mayo Clinic,2025-06-20 09:32:50,2025-07-02 09:32:50,Ortho
df6b9099-2501-4316-94a7-1e79e7c1320e,33.0,St. Mary's Hospital,2025-01-21 01:01:37,2025-01-25 01:01:37,Neuro
9fe2fb8c-e226-4be3-86a0-eb476955299f,69.0,MAYO CLINIC,2025-06-17 21:40:46,2025-06-21 21:40:46,Ortho
e01471a5-c53a-47e3-a3d3-cc9e2ca94105,76.0,Mayo Clinic,2025-11-12 23:08:39,2025-11-14 23:08:39,Cardio
564a64b9-5c08-4456-8368-9b105c10d1af,47.0,St. Mary's Hospital,2026-01-09 19:51:26,2026-01-21 19:51:26,
42a12f69-3f28-46f3-b366-07f4c63a83cc,6.0,St. Marys Hospital,2026-02-24 04:28:44,2026-03-08 04:28:44,Cardio
48a7ddeb-8f41-48fa-8775-45165119426d,97.0,Gen. Hosp.,2025-04-04 18:06:14,2025-04-05 18:06:14,
3c966143-ae75-40c3-8d6f-5b909dc474ac,62.0,Gen. Hosp.,2025-02-03 20:22:57,2025-02-04 20:22:57,Neuro
eda8a680-cfef-42c2-8087-f32322c40d76,62.0,St. Marys Hospital,2025-10-28 13:40:04,2025-11-04 13:40:04,Ortho
cc8a02a9-5b03-429f-9ebf-1e52d20424d6,,MAYO CLINIC,2024-10-26 14:41:30,2024-10-29 14:41:30,Cardio
bf1dd64c-6245-496a-8d69-8e2e31139dd6,39.0,St. Marys Hospital,2024-11-26 18:07:53,2024-11-28 18:07:53,
1add2e12-1411-4ba9-a517-15afb9f174f1,78.0,Mayo Clinic,2025-05-18 08:53:41,2025-05-22 08:53:41,
42855b29-beed-4f11-996d-6f478ca36c41,57.0,General Hospital,2025-11-27 21:58:05,2025-12-04 21:58:05,Neuro
6cc08dff-daed-4a40-b23a-0577420dfd93,8.0,Mayo Clinic,2025-06-04 14:17:48,2025-06-06 14:17:48,Cardio
ca65100a-79ed-48dc-9a26-3e97b80c3b1b,34.0,MAYO CLINIC,2026-08-29 05:04:07,2026-09-02 05:04:07,Cardio
faa06788-ed40-4f1c-9c24-7e4d75d626fc,21.0,St. Marys Hospital,2025-04-14 02:45:07,2025-04-26 02:45:07,
003f1a9d-560a-4563-a770-6193e0620f38,5.0,St. Mary's Hospital,2026-04-06 06:13:44,2026-04-11 06:13:44,Ortho
47c8b942-0513-44c6-9557-9ebb45b908f1,,St. Mary's Hospital,2025-06-06 00:10:43,2025-06-19 00:10:43,
d4341240-2a65-40d9-a7f0-981dc5ff9fb4,26.0,Gen. Hosp.,2026-07-24 11:57:26,2026-07-28 11:57:26,Cardio
2cf97884-2cb5-4fa8-8625-1f5a9b9bcb2f,19.0,St. Marys Hospital,2026-08-14 16:25:36,2026-08-09 16:25:36,
769cdc84-b15a-4d4c-8d14-4dc5a5fd5828,73.0,General Hospital,2026-02-09 01:17:17,2026-02-17 01:17:17,Neuro
a39cf5a6-b526-4eb0-9fa5-2aba5fb6a63e,35.0,Mayo Clinic,2025-05-30 05:53:45,2025-06-07 05:53:45,ER
47a7a67b-f358-46d5-bda6-c346c650c1fc,56.0,MAYO CLINIC,2025-02-17 22:36:41,2025-02-22 22:36:41,ER
1847bd04-96d3-4887-8472-97a2c8261da3,87.0,Mayo Clinic,2025-11-21 02:56:35,2025-11-22 02:56:35,Neuro
3cd1ea45-ffd9-47b9-8fc3-e0101c6b6a1c,98.0,St. Mary's Hospital,2025-07-27 21:25:54,2025-08-07 21:25:54,Ortho
f464ab17-e5d3-402e-88b6-a57a87767fc0,24.0,Mayo Clinic,2026-07-23 10:33:05,2026-08-06 10:33:05,Ortho
dd8bea4f-56db-493f-a1c8-3a1a6b38d405,61.0,General Hospital,2026-07-09 23:40:27,2026-07-15 23:40:27,ER
d45e743f-ffca-4e36-8828-7bd86559bd23,43.0,Gen. Hosp.,2025-02-07 23:46:33,2025-02-12 23:46:33,Ortho
01df0b80-fe45-4014-8ad4-1aa281d8d933,71.0,St. Marys Hospital,2025-04-23 02:04:23,2025-04-29 02:04:23,Neuro
e6f5bba8-3e17-4b9a-9951-827d20674140,99.0,Gen. Hosp.,2025-06-05 03:41:26,2025-06-19 03:41:26,ER
ea3dc5fe-b235-4619-8389-ef9573e46f0b,70.0,Gen. Hosp.,2025-10-27 15:19:25,2025-10-31 15:19:25,
020ae99f-430a-44f5-bfdd-e1f9d7c97fef,97.0,Gen. Hosp.,2025-09-08 19:15:43,2025-09-21 19:15:43,ER
576f3bc9-d022-4f27-90b1-71db195066f4,71.0,St. Mary's Hospital,2025-10-28 06:50:53,2025-11-05 06:50:53,Ortho
1115f4ed-92e7-44ba-a22a-f24f03b0a174,81.0,Mayo Clinic,2025-10-19 02:54:58,2025-10-31 02:54:58,Cardio
a3ce8ffc-50df-403e-af78-495a9b8b95ae,2.0,Mayo Clinic,2024-11-02 12:12:48,2024-11-06 12:12:48,ER
23f49c3b-0df2-4a1d-9c92-3975ef7ff397,16.0,MAYO CLINIC,2025-01-09 12:49:05,2025-01-17 12:49:05,Neuro
0d9723fb-13c4-4643-abc0-8e656384b377,35.0,Gen. Hosp.,2024-09-11 12:55:19,2024-09-19 12:55:19,Cardio
d5aace09-d85c-4bda-a337-9339dc543b5b,19.0,Gen. Hosp.,2025-12-22 07:57:58,2026-01-01 07:57:58,
698b634e-5930-46ba-866b-79997808d746,18.0,St. Marys Hospital,2026-06-23 19:00:13,2026-07-06 19:00:13,Ortho
d55ddf51-52ac-49c4-8cfe-da5700b07bff,65.0,General Hospital,2026-05-25 06:01:05,2026-05-30 06:01:05,Neuro
e3d6ce09-9305-4296-a783-ad7b211ffa76,75.0,MAYO CLINIC,2026-06-02 20:04:18,2026-06-05 20:04:18,Ortho
6d80175b-56c0-4241-863b-421a90ac3ff8,45.0,General Hospital,2025-08-01 04:23:21,2025-08-10 04:23:21,Ortho
4ac50890-c3f8-44e4-83da-dfb152e09d67,42.0,St. Mary's Hospital,2025-02-28 18:12:11,2025-03-04 18:12:11,
359536ee-63ba-4e99-b08d-8f10702b684c,100.0,Gen. Hosp.,2026-08-20 00:47:31,2026-08-12 00:47:31,Ortho
6d769062-e61c-4fee-8101-8718db843d89,85.0,MAYO CLINIC,2025-08-18 11:24:56,2025-08-26 11:24:56,ER
e8c80322-cf3b-4d7b-8dcb-32cd885bff0b,76.0,General Hospital,2025-10-27 23:24:23,2025-11-10 23:24:23,Ortho
8d250371-a7a2-4dac-a107-11045483f4c6,59.0,St. Marys Hospital,2025-08-14 15:59:56,2025-08-21 15:59:56,Cardio
0c983522-028d-439a-9b7e-34aa2d10e3ac,,General Hospital,2025-05-07 19:32:30,2025-05-19 19:32:30,Ortho
b1e004f3-b757-44ae-9ef8-a3661ecab635,43.0,MAYO CLINIC,2025-10-02 06:35:02,2025-10-09 06:35:02,Neuro
5e275109-f5d5-4629-aa33-db8c237b093f,98.0,Gen. Hosp.,2025-03-17 17:18:10,2025-03-18 17:18:10,
c8dcb9e8-1886-48c2-8bf7-3631e033bf28,,MAYO CLINIC,2026-01-26 23:37:20,2026-01-31 23:37:20,Cardio
795c97ad-edac-4d5f-896f-50c87b4d8734,56.0,St. Marys Hospital,2025-04-18 09:31:53,2025-04-30 09:31:53,ER
6c151109-8988-41d6-9655-84403753fc7e,89.0,General Hospital,2026-05-28 11:40:45,2026-05-29 11:40:45,Neuro
05b21128-fbc4-48b7-9163-8fd58a0d517d,38.0,General Hospital,2026-06-22 23:04:56,2026-06-25 23:04:56,Cardio
ec65596e-e477-45a0-ac7e-4fefa08baf7e,73.0,MAYO CLINIC,2024-12-13 01:24:39,2024-12-16 01:24:39,Cardio
81d34968-bbcd-4617-8020-a55699addd18,,Gen. Hosp.,2025-10-15 01:00:33,2025-10-19 01:00:33,Ortho
c163bd75-a67d-49d6-95a0-09d9730fc6d3,19.0,St. Mary's Hospital,2025-07-30 20:27:20,2025-08-04 20:27:20,Ortho
7e6a7b00-8449-46fc-93d6-769645918783,2.0,Gen. Hosp.,2024-11-16 04:14:13,2024-11-27 04:14:13,
2c71923b-01a5-493c-815a-6dd11174973b,57.0,General Hospital,2026-04-02 06:55:46,2026-04-07 06:55:46,Ortho
b558d21d-3143-4edb-a7c0-7909f6fd5b49,59.0,General Hospital,2025-07-02 06:14:40,2025-07-09 06:14:40,Ortho
e5b21880-e553-4c16-91aa-d08617f21d83,49.0,Mayo Clinic,2025-10-25 03:42:10,2025-10-30 03:42:10,Neuro
87059d42-f7ee-4871-87ce-1278ac5979e4,,MAYO CLINIC,2026-04-14 10:49:44,2026-04-15 10:49:44,
bac0d027-37e1-48aa-b686-655f7f1a6d2f,100.0,MAYO CLINIC,2025-05-26 02:05:39,2025-06-10 02:05:39,
b9bebc8c-2b4e-4ffe-a7a4-e95500f1262f,37.0,St. Mary's Hospital,2026-07-18 01:07:29,2026-07-24 01:07:29,Cardio
64cb21a1-7c5e-4d44-b052-520f09bff4ed,80.0,General Hospital,2025-11-05 15:39:09,2025-11-17 15:39:09,Cardio
1b97baa1-8e52-4f58-9462-c5fe30fc1c7e,81.0,MAYO CLINIC,2026-07-20 12:48:10,2026-07-12 12:48:10,ER
9f6e6767-e498-480f-b6db-56eca02d6d2b,94.0,St. Mary's Hospital,2024-09-20 10:13:51,2024-09-25 10:13:51,Neuro
7560fc6f-3678-458b-973f-f4f2859895a5,23.0,St. Mary's Hospital,2026-05-14 18:41:56,2026-05-23 18:41:56,Neuro
a0cab78b-d096-467f-a475-254ad86abd07,35.0,St. Mary's Hospital,2025-04-12 19:57:37,2025-04-26 19:57:37,Ortho
f6a700ff-0d94-4773-ab7b-8a4550f66196,38.0,MAYO CLINIC,2024-10-05 15:01:56,2024-10-18 15:01:56,ER
1c3dc92d-ede2-4bd5-a3f4-9495adff6a46,10.0,St. Mary's Hospital,2025-04-30 18:35:16,2025-05-04 18:35:16,Ortho
5b3d4347-0a15-411b-9d73-b98d62b801fb,72.0,General Hospital,2026-08-26 14:28:36,2026-09-02 14:28:36,ER
a730f5ba-ccff-4d91-9843-df472c52bb53,16.0,Gen. Hosp.,2024-10-04 16:56:58,2024-10-16 16:56:58,Neuro
5f4d64aa-f744-4c5f-bd7a-d255fd855e7f,82.0,General Hospital,2025-04-10 06:58:16,2025-04-14 06:58:16,Ortho
3705b91d-e0a2-4994-be47-b1dca199ebd4,,Mayo Clinic,2025-02-07 10:28:16,2025-02-17 10:28:16,Cardio
0fdbdf2d-e7be-4009-bd9e-a84407fbb796,82.0,Gen. Hosp.,2025-07-05 20:22:48,2025-07-10 20:22:48,Ortho
6fcd6af6-cfb0-49d7-bd95-64852f25680e,6.0,St. Marys Hospital,2025-08-01 20:04:50,2025-08-09 20:04:50,ER
6e776441-cc23-489c-8c87-ace64b531c6e,69.0,St. Mary's Hospital,2026-08-16 14:20:10,2026-08-22 14:20:10,
f152d2e6-50ad-42b1-8b60-e1e94888c60e,96.0,MAYO CLINIC,2026-02-25 07:07:42,2026-03-04 07:07:42,ER
be0aa0e4-919b-44b2-a86b-f63eeb87e188,79.0,Gen. Hosp.,2025-12-03 19:19:16,2025-12-08 19:19:16,ER
00effeb2-0b06-4e29-9841-fe57db1b9f37,28.0,Gen. Hosp.,2026-02-17 08:16:36,2026-02-21 08:16:36,Neuro
b4b5dafc-7dd6-4c75-ba32-9c94b3533fbe,88.0,General Hospital,2026-05-27 02:38:52,2026-06-07 02:38:52,Neuro
8053f20d-8049-43f3-b479-c0b93015d17f,,General Hospital,2025-08-05 12:13:56,2025-08-07 12:13:56,Ortho
571b3431-935b-4570-8954-08bb5ff49a94,28.0,MAYO CLINIC,2025-03-30 13:38:04,2025-03-31 13:38:04,ER
034aafe1-7faf-4e56-a689-f05873dd8f97,32.0,St. Mary's Hospital,2026-07-16 04:40:30,2026-07-20 04:40:30,ER
c563c6ad-ef59-4049-b268-4edfc85512b3,71.0,St. Mary's Hospital,2026-08-16 11:26:50,2026-08-30 11:26:50,Cardio
ffe020e9-2710-409b-aade-6cbb71c1f75d,19.0,Mayo Clinic,2026-06-07 00:14:55,2026-06-04 00:14:55,Cardio
a77ef7b5-0abb-4947-9e23-8d70bb0bd79e,23.0,St. Marys Hospital,2026-07-13 07:09:55,2026-07-14 07:09:55,Cardio
fd9be67a-1d2f-46b2-bfc2-4ecee42a2a87,,St. Mary's Hospital,2024-11-22 10:13:24,2024-11-23 10:13:24,Cardio
81e215bf-b151-45b5-8923-269d4d4b6715,17.0,MAYO CLINIC,2025-04-18 09:16:40,2025-04-20 09:16:40,ER
6ace91fa-2cc2-4d38-8540-41ed177c544b,100.0,General Hospital,2025-11-22 09:54:07,2025-11-24 09:54:07,Ortho
20f60236-3380-4751-9df8-a5d4a2805774,79.0,St. Marys Hospital,2025-09-04 12:36:02,2025-09-19 12:36:02,
5b3280c7-0998-4477-b927-59ce2c9f649e,83.0,St. Marys Hospital,2025-01-22 14:38:18,2025-01-14 14:38:18,Ortho
8b897d0e-797e-4e93-9b6c-0dc462789f32,14.0,Gen. Hosp.,2026-04-13 07:22:51,2026-04-21 07:22:51,ER
5327587c-26a3-46d2-aa89-ea90ec3d553a,42.0,Mayo Clinic,2025-06-10 17:10:58,2025-06-13 17:10:58,Neuro
6d0d9ecf-c265-4fed-922c-70a874ce7d23,75.0,Mayo Clinic,2025-04-29 15:14:08,2025-05-06 15:14:08,
dd656b34-22b4-429a-9f71-3e42fab2a4df,59.0,Mayo Clinic,2025-06-06 22:35:59,2025-06-08 22:35:59,ER
e1e670c8-411e-40d1-b40b-b6afa14f3fdd,84.0,Mayo Clinic,2026-08-11 04:17:35,2026-08-15 04:17:35,Ortho
c6dade98-bdc0-46d7-a9b4-983a09550d89,30.0,Gen. Hosp.,2026-04-25 10:57:02,2026-05-03 10:57:02,Ortho
568e6b42-e724-4c11-a9f0-0b928515eec3,13.0,General Hospital,2025-11-17 19:00:46,2025-11-28 19:00:46,Neuro
7dd71d30-4ee5-45ae-9314-9a0cc498f9e9,20.0,MAYO CLINIC,2026-05-07 01:35:50,2026-05-09 01:35:50,ER
ffa54938-4505-4464-bc43-c694beb3469f,12.0,Gen. Hosp.,2024-09-19 12:36:48,2024-10-01 12:36:48,Neuro
db5343d8-68e1-4304-b768-17323ead18b2,72.0,St. Marys Hospital,2026-02-03 00:23:22,2026-02-12 00:23:22,
5b2d0f31-c85c-4f61-af21-5ab51b8a06b5,16.0,Gen. Hosp.,2025-05-24 02:15:19,2025-06-04 02:15:19,Ortho
1e56d242-bcda-4931-b167-eca52cccea95,93.0,St. Marys Hospital,2025-03-22 12:24:53,2025-04-01 12:24:53,Neuro
488baf17-ac25-495f-9d08-cab5297def83,74.0,Mayo Clinic,2026-06-16 05:12:10,2026-06-27 05:12:10,Ortho
752da2f1-e484-45a2-975d-8eb897e1a051,14.0,General Hospital,2025-10-05 17:20:05,2025-10-11 17:20:05,ER
885b8826-a08f-49a5-a698-c7a6a5f5ae1a,74.0,St. Mary's Hospital,2025-08-14 17:59:56,2025-08-28 17:59:56,
4e8e7673-1cd8-4941-a7e3-adff5e8d6be7,80.0,Mayo Clinic,2025-12-15 22:40:19,2025-12-24 22:40:19,ER
caf517a0-b3d8-4397-b7bf-a6adebcc05bd,85.0,MAYO CLINIC,2026-07-05 20:54:34,2026-07-08 20:54:34,Neuro
25025fc0-efa9-40fd-b715-967e791680fe,40.0,General Hospital,2026-05-15 11:21:24,2026-05-18 11:21:24,Cardio
7cc4e9a8-2d42-43d3-9719-046766375823,52.0,St. Marys Hospital,2026-08-29 13:46:30,2026-09-09 13:46:30,ER
cf399797-bf83-4d49-a7f9-6c9e45fc2633,68.0,St. Mary's Hospital,2026-07-03 23:33:36,2026-07-11 23:33:36,Neuro
e5201541-9076-40c3-a545-ea11dbf9bd2a,40.0,MAYO CLINIC,2025-08-26 17:54:25,2025-09-05 17:54:25,
5a213ab4-278e-41aa-b679-a6d1a606f1db,7.0,St. Mary's Hospital,2025-10-26 23:33:58,2025-11-05 23:33:58,ER
8adba9c2-6b3a-4800-a29f-086c6dfe0a4d,35.0,Gen. Hosp.,2025-06-17 01:11:11,2025-06-25 01:11:11,
4574aa5c-3132-473a-8f83-ddaf08c1288f,35.0,St. Mary's Hospital,2026-02-06 04:44:31,2026-02-08 04:44:31,Neuro
5f4aa239-7dbc-4fe7-a593-9b0d71475d80,37.0,MAYO CLINIC,2025-10-20 04:49:29,2025-10-28 04:49:29,
7da081b8-142e-4b42-880e-51316a022e01,6.0,St. Mary's Hospital,2025-11-05 14:51:37,2025-11-15 14:51:37,ER
9e6c8871-8260-4690-b2f0-a1d396ac3758,,General Hospital,2026-01-09 16:57:25,2026-01-22 16:57:25,Cardio
7a3ed9bb-12ba-4f7e-bbcc-d522dd153a4c,38.0,General Hospital,2026-05-14 00:37:16,2026-05-22 00:37:16,Ortho
6bba4920-4576-4dbb-93b5-a243dcbb4cfe,49.0,Mayo Clinic,2026-05-24 10:57:01,2026-06-02 10:57:01,
59a69707-f3d6-4469-ae8f-7f3e05e6357a,46.0,St. Marys Hospital,2025-05-06 17:53:03,2025-05-18 17:53:03,ER
bd05cd02-ae73-4934-aa02-9a1dd78b2947,59.0,St. Marys Hospital,2024-11-04 04:46:18,2024-11-14 04:46:18,Ortho
175d600d-cb51-40dd-bcee-d7206c764a51,91.0,MAYO CLINIC,2025-08-01 08:18:14,2025-08-03 08:18:14,Ortho
5ebf6c58-8e92-432e-a2ac-76fe9daf67fa,,General Hospital,2025-09-13 00:15:26,2025-09-23 00:15:26,Ortho
72c8e6e1-9d0b-445e-816e-712a76f23355,47.0,St. Marys Hospital,2026-04-01 05:48:24,2026-04-03 05:48:24,Cardio
4eb88ca0-4fe1-4bbc-b571-fbade2cf62b9,52.0,Mayo Clinic,2026-04-21 01:45:37,2026-05-05 01:45:37,Neuro
e9fd0764-9482-4091-b5ca-73d49221c5c5,29.0,General Hospital,2025-10-08 05:05:52,2025-10-10 05:05:52,
fd86e20c-f23a-494b-a1b7-bbf188c943ba,68.0,Mayo Clinic,2024-11-10 15:13:50,2024-11-23 15:13:50,Neuro
80460109-875c-400a-b84f-3e06405cb3ed,83.0,St. Mary's Hospital,2025-11-30 06:18:33,2025-12-03 06:18:33,Neuro
ebd17e55-fba1-4cd9-b832-9f22161e4ef1,78.0,St. Mary's Hospital,2025-11-20 06:12:18,2025-12-01 06:12:18,ER
242f80f3-3927-4ac7-bb82-af180d232ff8,99.0,MAYO CLINIC,2025-10-30 23:09:27,2025-11-12 23:09:27,
1ba8a6da-494a-4394-bd3c-52bdabb4ac9a,58.0,MAYO CLINIC,2025-05-01 13:22:03,2025-05-11 13:22:03,
8908a6ed-985d-4982-ad91-011987da9a13,81.0,General Hospital,2026-06-05 02:04:13,2026-06-07 02:04:13,Ortho
da093d2a-1c44-4e6e-8ee1-01bcc696648f,39.0,General Hospital,2025-12-24 14:35:59,2025-12-30 14:35:59,
9718f42a-35a3-41cf-b90a-73b22199750a,,Gen. Hosp.,2026-02-26 12:21:54,2026-02-27 12:21:54,Neuro
8c5232af-a893-41d8-b3a7-29f0cbe9aa7f,10.0,MAYO CLINIC,2025-06-29 18:47:34,2025-07-13 18:47:34,ER
82483b44-52c1-44b2-b43a-d95d3c8189ab,65.0,Gen. Hosp.,2026-07-19 22:10:47,2026-07-28 22:10:47,ER
9756a1a8-650e-4471-96c1-192c3f94fd09,74.0,MAYO CLINIC,2026-05-16 20:22:10,2026-05-26 20:22:10,Ortho
4aa43b81-79f2-4bf6-b04f-78f696129d2f,8.0,Gen. Hosp.,2025-02-17 14:49:34,2025-03-04 14:49:34,Neuro
261819e0-c612-4d0f-9d41-2580aa25c30e,11.0,Mayo Clinic,2025-07-06 11:08:35,2025-07-07 11:08:35,Cardio
7623516f-aa9f-4faf-b8a8-c89f630799b5,57.0,Mayo Clinic,2025-07-22 06:02:24,2025-07-25 06:02:24,Neuro
fd412cbc-e85e-43a1-ac08-76239ac5d7f2,37.0,Gen. Hosp.,2025-02-15 18:21:34,2025-02-21 18:21:34,
c6513e7c-124b-4d56-88d4-8d145b586b34,,MAYO CLINIC,2026-03-07 04:42:14,2026-03-09 04:42:14,Neuro
d2b23a29-7acd-4e5e-9154-ef22b7b7c26e,87.0,Gen. Hosp.,2024-09-11 19:56:57,2024-09-23 19:56:57,
0891dc7c-4169-4593-98ff-638c977242f1,43.0,St. Marys Hospital,2026-04-24 00:16:53,2026-04-27 00:16:53,Neuro
9d0b0633-51ca-4923-ac77-d7ce7e12fcd6,84.0,MAYO CLINIC,2025-03-19 03:44:47,2025-03-22 03:44:47,
f4647c0b-d8d9-4da0-ae20-aea2b2b138bb,11.0,General Hospital,2025-01-27 17:20:39,2025-02-07 17:20:39,Neuro
f344397b-77a6-43f8-bbf7-c92d608621d6,86.0,MAYO CLINIC,2025-04-15 03:35:05,2025-04-27 03:35:05,
9140b0bf-81af-482e-beeb-c631fbe19e7a,86.0,Gen. Hosp.,2025-07-07 14:54:09,2025-07-08 14:54:09,Neuro
